Run,Eigen_L2,Likelihood,DS,MV
1,0.625,0.5821917808219178,0.6421232876712328,0.4417808219178082
2,0.6147260273972602,0.6335616438356164,0.6472602739726028,0.4520547945205479
3,0.6335616438356164,0.5907534246575342,0.6558219178082192,0.4554794520547945
4,0.6215753424657534,0.5667808219178082,0.6506849315068494,0.4503424657534247
5,0.6147260273972602,0.6232876712328768,0.6455479452054794,0.4657534246575342
6,0.6232876712328768,0.601027397260274,0.6523972602739726,0.4726027397260274
7,0.6027397260273972,0.613013698630137,0.6643835616438356,0.4520547945205479
8,0.6198630136986302,0.625,0.6626712328767124,0.476027397260274
9,0.6198630136986302,0.6301369863013698,0.666095890410959,0.4828767123287671
10,0.6147260273972602,0.6198630136986302,0.648972602739726,0.4417808219178082
